url_path,views_total,views_unique
/rpomponio/neuroHarmonize,164,78
/rpomponio/neuroHarmonize/issues,71,13
/rpomponio/neuroHarmonize/tree/master/neuroHarmonize,38,15
/rpomponio/neuroHarmonize/blob/master/neuroHarmonize/harmonizationLearn.py,23,7
/rpomponio/neuroHarmonize/issues/54,22,3
/rpomponio/neuroHarmonize/blob/master/neuroHarmonize/harmonizationNIFTI.py,20,9
/rpomponio/neuroHarmonize/tree/master,10,7
/rpomponio/neuroHarmonize/tree/github-repo-stats,8,1
/rpomponio/neuroHarmonize/pulls,7,6
/rpomponio/neuroHarmonize/blob/master/neuroHarmonize/harmonizationApply.py,7,5
